Model,CLIP_scores,BLEU_scores,Cosine_similarity_scores,Inference_Time,GPU_Memory_Usage,Throughput
SDXL_Turbo,17.551109313964844;17.476104736328125;16.32181167602539,1.0;0.024761510494160165;0.024822529802838878,0.3313857316970825;0.1274714171886444;0.12472835183143616,9.122053225835165,6260.9775390625,0.10962444257262548
