Model,CLIP_scores,BLEU_scores,Cosine_similarity_scores,Inference_Time,GPU_Memory_Usage,Throughput
StableDiffusion,18.946252822875977;16.067951202392578;13.502544403076172,1.0;0.024761510494160165;0.024822529802838878,0.36112266778945923;0.09958729147911072;0.11692345142364502,7.710064729054769,6260.9775390625,0.12970059722476507
SDXL_Turbo,17.701139450073242;15.727482795715332;16.14080810546875,1.0;0.024761510494160165;0.024822529802838878,0.3582763671875;0.10307788848876953;0.11860854923725128,9.161317189534506,6260.9775390625,0.10915460946405796
